{"type":"FeatureCollection","features":[{"type":"Feature","properties":{"address":"4 rue de l'Arsenal 17000 La Rochelle FR","nb-stations":1,"nb-connections":1,"created":"2016-03-17T14:27:00Z","usage-type":"Public","planned":null,"type":"chargemap","marker-size":"medium","last-verified-status":"2016-03-21T19:48:00Z","marker-symbol":"car","last-confirmed":null,"marker-color":"#ffde00","name":"Arsenal","last-verified":null},"geometry":{"type":"Point","coordinates":[-1.14860390370483,46.1596539567209]},"id":"64767"},{"type":"Feature","properties":{"address":"43 Rue du Minage 17000 La Rochelle FR","nb-stations":2,"nb-connections":1,"created":"2017-04-30T05:46:00Z","usage-type":"Private - For Staff, Visitors or Customers","planned":null,"type":"chargemap","marker-size":"medium","last-verified-status":"2017-04-30T05:46:00Z","contact-email":null,"contact-tel":null,"marker-symbol":"car","last-confirmed":null,"marker-color":"#ffde00","name":"Résidence de France","contact-secondary-tel":null,"contact-url":"http://www.teslamotors.com","last-verified":null},"geometry":{"type":"Point","coordinates":[-1.150975,46.162824]},"id":"86191"},{"type":"Feature","properties":{"address":"32-34 place de Verdun 17000 La Rochelle FR","nb-stations":1,"nb-connections":1,"created":"2016-03-17T14:24:00Z","usage-type":"Public","planned":null,"type":"chargemap","marker-size":"medium","last-verified-status":"2016-03-21T19:48:00Z","marker-symbol":"car","last-confirmed":null,"marker-color":"#ffde00","name":"Place de Verdun","last-verified":null},"geometry":{"type":"Point","coordinates":[-1.15449690052491,46.1629928268785]},"id":"64766"},{"type":"Feature","properties":{"address":"23 Place du Maréchal Foch 17000 la Rochelle FR","nb-stations":2,"nb-connections":1,"created":"2016-03-17T14:03:00Z","usage-type":"Public","planned":null,"type":"chargemap","marker-size":"medium","last-verified-status":"2016-03-21T19:49:00Z","marker-symbol":"car","last-confirmed":null,"marker-color":"#ffde00","name":"Préfecture","last-verified":null},"geometry":{"type":"Point","coordinates":[-1.15678236776739,46.156961202897]},"id":"64763"},{"type":"Feature","properties":{"address":"9 avenue Cordeliers 17000 La Rochelle FR","nb-stations":2,"nb-connections":1,"created":"2016-03-17T13:55:00Z","usage-type":"Public","planned":null,"type":"chargemap","marker-size":"medium","last-verified-status":"2016-03-21T19:50:00Z","marker-symbol":"car","last-confirmed":null,"marker-color":"#ffde00","name":"Parking Notre Dame LA ROCHELLE","last-verified":null},"geometry":{"type":"Point","coordinates":[-1.14546,46.16374]},"id":"64762"},{"type":"Feature","properties":{"address":"3 rue Chasseloup-Laubat 17000 La Rochelle FR","nb-stations":2,"nb-connections":1,"created":"2016-03-17T14:10:00Z","usage-type":"Public","planned":null,"type":"chargemap","marker-size":"medium","last-verified-status":"2016-03-21T19:49:00Z","marker-symbol":"car","last-confirmed":null,"marker-color":"#ffde00","name":"Rue Albert 1er","last-verified":null},"geometry":{"type":"Point","coordinates":[-1.15138300000001,46.1662848]},"id":"64765"},{"type":"Feature","properties":{"address":"85 avenue du 123ème Régiment d'Infanterie 17000 La Rochele FR","nb-stations":6,"nb-connections":1,"created":"2016-03-17T13:34:00Z","usage-type":"Public","planned":null,"type":"chargemap","marker-size":"medium","last-verified-status":"2016-03-21T19:50:00Z","marker-symbol":"car","last-confirmed":null,"marker-color":"#ffde00","name":"Parking Vieux Port LA ROCHELLE","last-verified":null},"geometry":{"type":"Point","coordinates":[-1.1494184257507,46.154088786655]},"id":"64761"},{"type":"Feature","properties":{"address":"Rue Emile Picard  17000 La Rochelle FR","nb-stations":2,"nb-connections":1,"created":"2016-03-17T14:07:00Z","usage-type":"Public","planned":null,"type":"chargemap","marker-size":"medium","last-verified-status":"2016-03-21T19:49:00Z","marker-symbol":"car","last-confirmed":null,"marker-color":"#ffde00","name":"Technoforum","last-verified":null},"geometry":{"type":"Point","coordinates":[-1.15457222753912,46.1479471438011]},"id":"64764"},{"type":"Feature","properties":{"address":"RUE PYTHAGORE ZONE BELLE AIRE SUD 17440 Aytré FR","nb-stations":1,"nb-connections":0,"created":"2013-01-07T19:32:00Z","usage-type":"(Unknown)","planned":null,"type":"chargemap","marker-size":"medium","last-verified-status":"2013-01-07T19:32:00Z","contact-email":null,"contact-tel":null,"marker-symbol":"car","last-confirmed":null,"marker-color":"#ffde00","name":"TOYS MOTORS LA ROCHELLE","contact-secondary-tel":null,"contact-url":"http://www.theplugincompany.com/en/","last-verified":null},"geometry":{"type":"Point","coordinates":[-1.1137320000000273,46.134424]},"id":"15331"},{"type":"Feature","properties":{"address":"ZA des Fourneaux 17690 ANGOULINS FR","nb-stations":1,"nb-connections":1,"created":"2012-12-23T13:24:00Z","usage-type":"(Unknown)","planned":null,"type":"chargemap","marker-size":"medium","last-verified-status":"2012-12-23T13:24:00Z","contact-email":null,"contact-tel":null,"marker-symbol":"car","last-confirmed":null,"marker-color":"#ffde00","name":"Nissan  GARAGE CASSAGNAU ","contact-secondary-tel":null,"contact-url":null,"last-verified":null},"geometry":{"type":"Point","coordinates":[-1.1102610000000368,46.1038659]},"id":"15213"},{"type":"Feature","properties":{"address":"D 202 17690 Angoulins FR","nb-stations":1,"nb-connections":1,"created":"2015-01-09T06:03:00Z","planned":null,"type":"chargemap","marker-size":"medium","last-verified-status":"2016-03-03T12:33:00Z","marker-symbol":"car","last-confirmed":null,"marker-color":"#ffde00","name":"D 202","last-verified":null},"geometry":{"type":"Point","coordinates":[-1.0954132,46.1035714]},"id":"31476"},{"type":"Feature","properties":{"address":"147 Rue des Algues 17940 Rivedoux Plage FR","nb-stations":1,"nb-connections":1,"created":"2017-04-06T05:42:00Z","usage-type":"Public - Membership Required","planned":null,"type":"chargemap","marker-size":"medium","last-verified-status":"2017-04-06T05:42:00Z","contact-email":null,"contact-tel":null,"marker-symbol":"car","last-confirmed":null,"marker-color":"#ffde00","name":"Maison des Algues","contact-secondary-tel":null,"contact-url":"http://www.teslamotors.com","last-verified":null},"geometry":{"type":"Point","coordinates":[-1.276206,46.152701]},"id":"85504"},{"type":"Feature","properties":{"address":"5 Rue de la Manne 17740 Sainte Marie de Ré FR","nb-stations":2,"nb-connections":1,"created":"2018-01-21T17:25:00Z","usage-type":"Public - Membership Required","planned":null,"type":"chargemap","marker-size":"medium","last-verified-status":"2018-01-21T17:25:00Z","contact-email":null,"contact-tel":null,"marker-symbol":"car","last-confirmed":null,"marker-color":"#ffde00","name":"Relais du Silence les Vignes de la Chapelle","contact-secondary-tel":null,"contact-url":"http://www.teslamotors.com","last-verified":"01/21/2018 18:25:00"},"geometry":{"type":"Point","coordinates":[-1.304915,46.148219]},"id":"97966"},{"type":"Feature","properties":{"address":"La Falaise 17340 Chatelaillon-Plage FR","nb-stations":2,"nb-connections":1,"created":"2017-11-05T06:56:00Z","usage-type":"Public - Membership Required","planned":null,"type":"chargemap","marker-size":"medium","last-verified-status":"2017-11-05T06:56:00Z","contact-email":null,"contact-tel":null,"marker-symbol":"car","last-confirmed":null,"marker-color":"#ffde00","name":"La Grande Terrasse Hôtel & Spa Mgallery","contact-secondary-tel":null,"contact-url":"http://www.teslamotors.com","last-verified":null},"geometry":{"type":"Point","coordinates":[-1.087989,46.058665]},"id":"95210"},{"type":"Feature","properties":{"address":"44 Avenue de la Plage 17630 La Flotte FR","nb-stations":2,"nb-connections":1,"created":"2017-02-03T14:34:00Z","usage-type":"Private - For Staff, Visitors or Customers","planned":null,"type":"chargemap","marker-size":"medium","last-verified-status":"2017-02-16T11:45:00Z","contact-email":null,"contact-tel":null,"marker-symbol":"car","last-confirmed":null,"marker-color":"#ffde00","name":"Le Richelieu","contact-secondary-tel":null,"contact-url":"http://www.teslamotors.com","last-verified":null},"geometry":{"type":"Point","coordinates":[-1.317458,46.186644]},"id":"82053"},{"type":"Feature","properties":{"address":"Avenue d'Aunis 17300 Rochefort-sur-mer FR","nb-stations":1,"nb-connections":3,"created":"2017-01-18T10:47:00Z","usage-type":"Public - Membership Required","planned":null,"type":"chargemap","marker-size":"medium","last-verified-status":"2018-01-09T20:16:00Z","contact-email":"contact@sodetrel.fr","contact-tel":null,"marker-symbol":"car","last-confirmed":null,"marker-color":"#ffde00","name":"Intermarché Rochefort","contact-secondary-tel":null,"contact-url":"http://www.sodetrel-mobilite.fr/","last-verified":null},"geometry":{"type":"Point","coordinates":[-0.977599,45.955533]},"id":"77536"},{"type":"Feature","properties":{"address":"19 Rue de l'Ouillette 85200 Fontenay-le-Comte FR","nb-stations":2,"nb-connections":1,"created":"2017-02-03T13:11:00Z","usage-type":"Private - For Staff, Visitors or Customers","planned":null,"type":"chargemap","marker-size":"medium","last-verified-status":"2017-02-03T13:11:00Z","contact-email":null,"contact-tel":null,"marker-symbol":"car","last-confirmed":null,"marker-color":"#ffde00","name":"Hotel Restaurant Spa le Rabelais","contact-secondary-tel":null,"contact-url":"http://www.teslamotors.com","last-verified":null},"geometry":{"type":"Point","coordinates":[-0.791328,46.46555]},"id":"81866"},{"type":"Feature","properties":{"address":"Aire de la Vendée A83 85210 Sainte-Hermine FR","nb-stations":1,"nb-connections":6,"created":"2016-05-16T21:12:00Z","usage-type":"Public - Membership Required","planned":null,"type":"chargemap","marker-size":"medium","last-verified-status":"2017-10-21T06:00:00Z","contact-email":"contact@sodetrel.fr","contact-tel":null,"marker-symbol":"car","last-confirmed":null,"marker-color":"#ffde00","name":"Aire de la Vendée","contact-secondary-tel":null,"contact-url":"http://www.sodetrel-mobilite.fr/","last-verified":null},"geometry":{"type":"Point","coordinates":[-1.1177374926956,46.5728676353637]},"id":"66284"},{"type":"Feature","properties":{"address":"rue Bellegarde Parc Atlantique les Coteaux 17810 SAINT GEORGES LES COTEAUX FR","nb-stations":1,"nb-connections":0,"created":"2012-01-19T15:00:00Z","usage-type":"Public","planned":null,"type":"chargemap","marker-size":"medium","last-verified-status":"2012-01-19T15:00:00Z","marker-symbol":"car","last-confirmed":null,"marker-color":"#ffde00","name":"Conforama de Saintes","last-verified":null},"geometry":{"type":"Point","coordinates":[-0.7247932999999875,45.7592849]},"id":"9121"},{"type":"Feature","properties":{"address":"1 Bis Rue de bellegarde 17101  SAINTES FR","nb-stations":4,"nb-connections":1,"created":"2012-01-19T14:51:00Z","usage-type":"Privately Owned - Notice Required","planned":null,"type":"chargemap","marker-size":"medium","last-verified-status":"2012-01-19T14:52:00Z","contact-email":null,"contact-tel":null,"marker-symbol":"car","last-confirmed":null,"marker-color":"#ffde00","name":"DECATLON Saintes","contact-secondary-tel":null,"contact-url":null,"last-verified":null},"geometry":{"type":"Point","coordinates":[-0.6751130999999759,45.7491086]},"id":"9120"},{"type":"Feature","properties":{"address":"Lac de Tanchet 85100 Les Sables-d'Olonne FR","nb-stations":2,"nb-connections":1,"created":"2016-12-11T18:19:00Z","usage-type":"Private - For Staff, Visitors or Customers","planned":null,"type":"chargemap","marker-size":"medium","last-verified-status":"2016-12-11T18:19:00Z","contact-email":null,"contact-tel":null,"marker-symbol":"car","last-confirmed":null,"marker-color":"#ffde00","name":"Hôtel Mercure Côte Ouest Thalasso & Spa","contact-secondary-tel":null,"contact-url":"http://www.teslamotors.com","last-verified":null},"geometry":{"type":"Point","coordinates":[-1.760243,46.483256]},"id":"75100"},{"type":"Feature","properties":{"address":"132 Cours Genet 17100 Saintes FR","nb-stations":8,"nb-connections":1,"created":"2016-12-10T18:01:00Z","usage-type":"Public - Membership Required","planned":null,"type":"chargemap","marker-size":"medium","last-verified-status":"2017-01-15T23:07:00Z","contact-email":null,"contact-tel":null,"marker-symbol":"car","last-confirmed":null,"marker-color":"#ffde00","name":"Saintes Supercharger","contact-secondary-tel":null,"contact-url":"http://www.teslamotors.com","last-verified":null},"geometry":{"type":"Point","coordinates":[-0.661725,45.750012]},"id":"75022"},{"type":"Feature","properties":{"address":"Boulevard des Etats-Unis 85000 La roche sur yon FR","nb-stations":2,"nb-connections":4,"created":"2016-01-08T10:52:00Z","usage-type":"Public - Membership Required","planned":null,"type":"chargemap","marker-size":"medium","last-verified-status":"2016-01-09T22:15:00Z","contact-email":null,"contact-tel":null,"marker-symbol":"car","last-confirmed":null,"marker-color":"#ffde00","name":"La Roche - Etats-Unis","contact-secondary-tel":null,"contact-url":null,"last-verified":null},"geometry":{"type":"Point","coordinates":[-1.42502,46.6642]},"id":"59141"},{"type":"Feature","properties":{"address":"Aire de Poitou-Charentes NORD (A10 - km372) 79230 Vouillé FR","nb-stations":4,"nb-connections":5,"created":"2016-11-28T15:22:00Z","usage-type":"Public - Membership Required","planned":null,"type":"chargemap","marker-size":"medium","last-verified-status":"2018-02-01T07:14:00Z","contact-email":"contact@sodetrel.fr","contact-tel":null,"marker-symbol":"car","last-confirmed":null,"marker-color":"#ffde00","name":"Aire de Poitou-Charentes Nord","contact-secondary-tel":null,"contact-url":"http://www.sodetrel-mobilite.fr/","last-verified":null},"geometry":{"type":"Point","coordinates":[-0.379863,46.295396]},"id":"74269"},{"type":"Feature","properties":{"address":"Rue de l'Amiral Vaugiraud  85100  Les Sables d'Olonne FR","nb-stations":1,"nb-connections":0,"created":"2011-10-10T21:04:00Z","usage-type":"Public","planned":null,"type":"chargemap","marker-size":"medium","last-verified-status":"2011-10-10T21:04:00Z","marker-symbol":"car","last-confirmed":"10/10/2011 23:04:00","marker-color":"#ffde00","name":"Parking Centre Ville","last-verified":null},"geometry":{"type":"Point","coordinates":[-1.7835529999999835,46.4996026]},"id":"6957"},{"type":"Feature","properties":{"address":"Aire de Poitou-Charentes SUD (A10 - km372) 79180 Vouillé FR","nb-stations":1,"nb-connections":4,"created":"2017-01-18T10:35:00Z","usage-type":"Public - Membership Required","planned":null,"type":"chargemap","marker-size":"medium","last-verified-status":"2018-01-18T06:41:00Z","contact-email":"contact@sodetrel.fr","contact-tel":null,"marker-symbol":"car","last-confirmed":null,"marker-color":"#ffde00","name":"Aire de Poitou-Charentes Sud","contact-secondary-tel":null,"contact-url":"http://www.sodetrel-mobilite.fr/","last-verified":null},"geometry":{"type":"Point","coordinates":[-0.369729,46.297284]},"id":"77506"},{"type":"Feature","properties":{"address":"160 Rue du Clair Bocage 85000 Mouilleron-le-Captif FR","nb-stations":2,"nb-connections":1,"created":"2017-05-27T05:51:00Z","usage-type":"Private - For Staff, Visitors or Customers","planned":null,"type":"chargemap","marker-size":"medium","last-verified-status":"2017-07-13T14:59:00Z","contact-email":null,"contact-tel":null,"marker-symbol":"car","last-confirmed":null,"marker-color":"#ffde00","name":"Ibis la Roche sur Yon","contact-secondary-tel":null,"contact-url":"http://www.teslamotors.com","last-verified":null},"geometry":{"type":"Point","coordinates":[-1.43097,46.710934]},"id":"88302"},{"type":"Feature","properties":{"address":"Aire de Saint Léger EST (A10 - km456) 17800 Saint-Léger FR","nb-stations":1,"nb-connections":5,"created":"2016-11-28T18:42:00Z","usage-type":"Public - Membership Required","planned":null,"type":"chargemap","marker-size":"medium","last-verified-status":"2017-01-19T13:05:00Z","contact-email":"contact@sodetrel.fr","contact-tel":null,"marker-symbol":"car","last-confirmed":null,"marker-color":"#ffde00","name":"Aire de Saint Léger Est","contact-secondary-tel":null,"contact-url":"http://www.sodetrel-mobilite.fr/","last-verified":null},"geometry":{"type":"Point","coordinates":[-0.598717,45.610277]},"id":"74286"},{"type":"Feature","properties":{"address":"40 RUE DE L'ANISSERIE 16100 Châteaubernard FR","nb-stations":1,"nb-connections":2,"created":"2014-04-15T13:36:00Z","usage-type":"Public - Membership Required","planned":null,"type":"chargemap","marker-size":"medium","last-verified-status":"2015-10-14T15:33:00Z","contact-email":"contact@kiwhipass.fr","contact-tel":null,"marker-symbol":"car","last-confirmed":null,"marker-color":"#ffde00","name":"Auchan COGNAC","contact-secondary-tel":null,"contact-url":"http://www.kiwhipass.fr/","last-verified":null},"geometry":{"type":"Point","coordinates":[-0.306578964424269,45.6838597194514]},"id":"23121"},{"type":"Feature","properties":{"address":"Le Boisniard 85500 Chambretaud FR","nb-stations":1,"nb-connections":1,"created":"2017-05-03T05:29:00Z","usage-type":"Private - For Staff, Visitors or Customers","planned":null,"type":"chargemap","marker-size":"medium","last-verified-status":"2017-06-09T15:10:00Z","contact-email":null,"contact-tel":null,"marker-symbol":"car","last-confirmed":null,"marker-color":"#ffde00","name":"Château Hôtel le Boisniard","contact-secondary-tel":null,"contact-url":"http://www.teslamotors.com","last-verified":null},"geometry":{"type":"Point","coordinates":[-0.960198,46.92681]},"id":"87273"},{"type":"Feature","properties":{"address":"Route de la Verrie 85500 Chambretaud FR","nb-stations":1,"nb-connections":1,"created":"2017-05-04T05:26:00Z","usage-type":"Private - For Staff, Visitors or Customers","planned":null,"type":"chargemap","marker-size":"medium","last-verified-status":"2017-07-13T15:18:00Z","contact-email":null,"contact-tel":null,"marker-symbol":"car","last-confirmed":null,"marker-color":"#ffde00","name":"Le Relais du Boisniard","contact-secondary-tel":null,"contact-url":"http://www.teslamotors.com","last-verified":null},"geometry":{"type":"Point","coordinates":[-0.957842,46.927867]},"id":"87303"},{"type":"Feature","properties":{"address":"Rue Lucien Collinet 85270 St Hilaire de Riez FR","nb-stations":2,"nb-connections":4,"created":"2016-01-08T11:15:00Z","usage-type":"Public - Membership Required","planned":null,"type":"chargemap","marker-size":"medium","last-verified-status":"2016-01-09T22:14:00Z","contact-email":null,"contact-tel":null,"marker-symbol":"car","last-confirmed":null,"marker-color":"#ffde00","name":"St Hilaire de Riez, Rue Lucien Collinet","contact-secondary-tel":null,"contact-url":null,"last-verified":null},"geometry":{"type":"Point","coordinates":[-1.9781,46.71281]},"id":"59142"},{"type":"Feature","properties":{"address":"ZA Le Cormier Boulevard des Sorinières 49300  FR","nb-stations":null,"nb-connections":0,"created":"2013-10-23T07:43:00Z","usage-type":"(Unknown)","planned":null,"type":"chargemap","marker-size":"medium","last-verified-status":"2013-10-23T17:05:00Z","contact-email":null,"contact-tel":null,"marker-symbol":"car","last-confirmed":null,"marker-color":"#ffde00","name":"Nissan - Cholet","contact-secondary-tel":null,"contact-url":null,"last-verified":null},"geometry":{"type":"Point","coordinates":[-0.91685,47.03123]},"id":"19991"}]}